회사명,제목,공고링크,지역,경력,학력,고용형태,마감일,직무분야,연봉정보
(주)페이타랩,"[패스오더] 웹 프론트엔드 개발자 (JavaScript, React) (병역특례/산업기능요원/보충역/전직) (신입~10년 이하)",https://www.saramin.co.kr/zf_user/jobs/relay/view?view_type=search&rec_idx=49537254&location=ts&searchword=javascript&searchType=search&paid_fl=n&search_uuid=c456222a-2353-4e8b-9e55-51177705898c,서울  강남구,신입·경력,학력무관,정규직,~ 01/03(금),"Javascript, 프론트엔드, 웹개발, React, CSS",회사내규에 따름
(주)페이타랩,"[패스오더] 웹 프론트엔드 개발자 (JavaScript, React) (병역특례/산업기능요원/보충역/전직) (경력 11~20년 이하)",https://www.saramin.co.kr/zf_user/jobs/relay/view?view_type=search&rec_idx=49537255&location=ts&searchword=javascript&searchType=search&paid_fl=n&search_uuid=c456222a-2353-4e8b-9e55-51177705898c,서울  강남구,경력 11~20년,학력무관,정규직,~ 01/03(금),"Javascript, 프론트엔드, 웹개발, React, CSS",회사내규에 따름
(주)랩투마켓,"풀스택 Typescript 개발자 (자동화 장비 제어, javascript) 과장급 채용",https://www.saramin.co.kr/zf_user/jobs/relay/view?view_type=search&rec_idx=49605220&location=ts&searchword=javascript&searchType=search&paid_fl=n&search_uuid=c456222a-2353-4e8b-9e55-51177705898c,서울  강서구,경력 6~10년,초대졸↑,정규직,~ 01/15(수),"Javascript, 프론트엔드, 웹개발, 백엔드/서버개발, TypeScript",회사내규에 따름
(주)랩투마켓,"풀스택 Typescript 개발자 (자동화 장비 제어, javascript) 대리급 채용",https://www.saramin.co.kr/zf_user/jobs/relay/view?view_type=search&rec_idx=49605214&location=ts&searchword=javascript&searchType=search&paid_fl=n&search_uuid=c456222a-2353-4e8b-9e55-51177705898c,서울  강서구,경력 2~5년,초대졸↑,정규직,~ 01/15(수),"Javascript, 프론트엔드, 웹개발, 백엔드/서버개발, TypeScript",회사내규에 따름
씨드로닉스(주),"Front-end 개발자 채용 (Javascript, React)",https://www.saramin.co.kr/zf_user/jobs/relay/view?view_type=search&rec_idx=49607587&location=ts&searchword=javascript&searchType=search&paid_fl=n&search_uuid=c456222a-2353-4e8b-9e55-51177705898c,서울  강남구,경력3년↑,학력무관,정규직,채용시,"Javascript, 프론트엔드, React, ReactJS, Redux",회사내규에 따름
(주)지란지교소프트,"[판교] Fullstack Engineer (PHP, JavaScript)",https://www.saramin.co.kr/zf_user/jobs/relay/view?view_type=search&rec_idx=49388744&location=ts&searchword=javascript&searchType=search&paid_fl=n&search_uuid=c456222a-2353-4e8b-9e55-51177705898c,경기  성남시 수정구,경력3년↑,학력무관,정규직,채용시,"Javascript, 프론트엔드, Java, CSS, 솔루션",회사내규에 따름
마이스터정보기술(주),(마포부근)증권 간편모드 개발(JavaScript),https://www.saramin.co.kr/zf_user/jobs/relay/view?view_type=search&rec_idx=49411081&location=ts&searchword=javascript&searchType=search&paid_fl=n&search_uuid=c456222a-2353-4e8b-9e55-51177705898c,서울  마포구,경력6년↑,초대졸↑,계약직·프리랜서,~ 12/28(토),"Javascript, HTML, CSS3, Git, 소프트웨어개발",회사내규에 따름
마이스터정보기술(주),(마포부근)xx증권 HTS 클라이언트 맵화면 개발(Javascript),https://www.saramin.co.kr/zf_user/jobs/relay/view?view_type=search&rec_idx=49346814&location=ts&searchword=javascript&searchType=search&paid_fl=n&search_uuid=c456222a-2353-4e8b-9e55-51177705898c,서울  마포구,경력6년↑,초대졸↑,프리랜서,~ 12/28(토),"Javascript, 클라이언트, 소프트웨어개발",회사내규에 따름
(주)제이브로,대규모사업 퍼블리싱(자바스크립트 구현)가능자 환영합니다.,https://www.saramin.co.kr/zf_user/jobs/relay/view?view_type=search&rec_idx=49608685&location=ts&searchword=javascript&searchType=search&paid_fl=n&search_uuid=c456222a-2353-4e8b-9e55-51177705898c,서울  광진구,경력3년↑,학력무관,프리랜서,~ 01/16(목),"프론트엔드, 퍼블리셔, 소프트웨어개발",회사내규에 따름
가천대학교산학협력단,자바스크립트 FullStack 연구자 채용,https://www.saramin.co.kr/zf_user/jobs/relay/view?view_type=search&rec_idx=49521956&location=ts&searchword=javascript&searchType=search&paid_fl=n&search_uuid=c456222a-2353-4e8b-9e55-51177705898c,인천  남동구,경력2년↑,대졸↑,기간제·계약직,~ 01/02(목),"Javascript, 웹개발, React, HTML, TypeScript",회사내규에 따름
주식회사 프레버소프트,"설비 모니터링 솔루션 개발자(Java, Java Script, Html) 모집",https://www.saramin.co.kr/zf_user/jobs/relay/view?view_type=search&rec_idx=49584858&location=ts&searchword=javascript&searchType=search&paid_fl=n&search_uuid=c456222a-2353-4e8b-9e55-51177705898c,경기  용인시 처인구,경력 3~6년,대졸↑,정규직,~ 01/12(일),"Java, CSS, HTML, 기술지원, 유지보수",회사내규에 따름
(주)위니드소프트,"세종 웹디자이너(Java Script, HTML, CSS가능자) 경력자 채용",https://www.saramin.co.kr/zf_user/jobs/relay/view?view_type=search&rec_idx=49455283&location=ts&searchword=javascript&searchType=search&paid_fl=n&search_uuid=c456222a-2353-4e8b-9e55-51177705898c,세종특별자치시,경력3년↑,학력무관,정규직,~ 12/22(일),"Java, CSS, HTML, 웹디자인, UI/UX디자인",회사내규에 따름
(주)현대퓨처넷,현대퓨처넷 2025년 상반기 각 부문 채용,https://www.saramin.co.kr/zf_user/jobs/relay/view?view_type=search&rec_idx=49571285&location=ts&searchword=javascript&searchType=search&paid_fl=n&search_uuid=c456222a-2353-4e8b-9e55-51177705898c,서울  강남구,신입·경력,대졸↑,정규직·인턴직,~ 12/23(월),"Javascript, 프론트엔드, Java, 웹개발, 백엔드/서버개발",회사내규에 따름
상신브레이크(주),2025년 상신브레이크 신입/경력 채용,https://www.saramin.co.kr/zf_user/jobs/relay/view?view_type=search&rec_idx=49606992&location=ts&searchword=javascript&searchType=search&paid_fl=n&search_uuid=c456222a-2353-4e8b-9e55-51177705898c,대구  달성군,신입·경력,대졸↑,정규직,~ 01/07(화),"Javascript, Java, HTML, SE(시스템엔지니어), 빅데이터",회사내규에 따름
(주)위즈코리아,㈜위즈코리아/㈜위즈COK '24년 하반기 신입/경력 사원 모집,https://www.saramin.co.kr/zf_user/jobs/relay/view?view_type=search&rec_idx=48464887&location=ts&searchword=javascript&searchType=search&paid_fl=n&search_uuid=c456222a-2353-4e8b-9e55-51177705898c,서울  강서구,신입·경력,학력무관,정규직·병역특례,~ 12/31(화),"Javascript, 프론트엔드, Java, 웹개발, CSS",회사내규에 따름
디아이티(주),2024년 하반기 각 부문별 신입/경력 채용,https://www.saramin.co.kr/zf_user/jobs/relay/view?view_type=search&rec_idx=49563660&location=ts&searchword=javascript&searchType=search&paid_fl=n&search_uuid=c456222a-2353-4e8b-9e55-51177705898c,경기  화성시,신입·경력,초대졸↑,정규직,~ 01/09(목),"Javascript, Java, 앱개발, 유지보수, SE(시스템엔지니어)",회사내규에 따름
메리츠화재해상보험(주),2024년 메리츠화재 하반기 각 부문별 신입/경력 채용,https://www.saramin.co.kr/zf_user/jobs/relay/view?view_type=search&rec_idx=49525317&location=ts&searchword=javascript&searchType=search&paid_fl=n&search_uuid=c456222a-2353-4e8b-9e55-51177705898c,서울전체,신입·경력,초대졸↑,정규직·계약직,오늘마감,"Javascript, Java, HTML, Spring, SE(시스템엔지니어)",회사내규에 따름
대한조선(주),2024년 하반기 경력사원 모집,https://www.saramin.co.kr/zf_user/jobs/relay/view?view_type=search&rec_idx=49578297&location=ts&searchword=javascript&searchType=search&paid_fl=n&search_uuid=c456222a-2353-4e8b-9e55-51177705898c,전남  해남군,경력,초대졸↑,정규직,~ 12/27(금),"Javascript, Java, 데이터엔지니어, 보안컨설팅, 유지보수",회사내규에 따름
(주)엠씨넥스,각 분야 채용공고,https://www.saramin.co.kr/zf_user/jobs/relay/view?view_type=search&rec_idx=49586437&location=ts&searchword=javascript&searchType=search&paid_fl=n&search_uuid=c456222a-2353-4e8b-9e55-51177705898c,인천  연수구,신입·경력,학력무관,정규직,~ 12/27(금),"Javascript, Java, 백엔드/서버개발, 유지보수, 정보보안",회사내규에 따름
제닉스(주),제닉스(주) 각 부문별 채용,https://www.saramin.co.kr/zf_user/jobs/relay/view?view_type=search&rec_idx=49562355&location=ts&searchword=javascript&searchType=search&paid_fl=n&search_uuid=c456222a-2353-4e8b-9e55-51177705898c,충남  천안시 서북구,신입·경력,학력무관,정규직,~ 12/24(화),"Javascript, Java, 백엔드/서버개발, 기술지원, 정보보안",회사내규에 따름
앰코테크놀로지코리아㈜,2024년 하반기 신입/경력사원 공채,https://www.saramin.co.kr/zf_user/jobs/relay/view?view_type=search&rec_idx=49567318&location=ts&searchword=javascript&searchType=search&paid_fl=n&search_uuid=c456222a-2353-4e8b-9e55-51177705898c,인천  연수구,신입·경력,대졸↑,정규직,~ 12/29(일),"Javascript, Java, 데이터엔지니어, 앱개발, DBA",회사내규에 따름
(주)우진플라임,㈜우진플라임 부문별 인재채용,https://www.saramin.co.kr/zf_user/jobs/relay/view?view_type=search&rec_idx=49582494&location=ts&searchword=javascript&searchType=search&paid_fl=n&search_uuid=c456222a-2353-4e8b-9e55-51177705898c,충북  보은군,신입·경력,학력무관,정규직,~ 01/11(토),"Java, 웹개발, React, CSS, 백엔드/서버개발",회사내규에 따름
(주)케이티디에스,[kt ds] 2024년 각 부문별 경력사원 상시채용,https://www.saramin.co.kr/zf_user/jobs/relay/view?view_type=search&rec_idx=49444384&location=ts&searchword=javascript&searchType=search&paid_fl=n&search_uuid=c456222a-2353-4e8b-9e55-51177705898c,서울  서초구,경력2년↑,학력무관,정규직·계약직,~ 02/28(금),"Javascript, 프론트엔드, Java, 웹개발, CSS",회사내규에 따름
(주)영신디엔씨,㈜영신디엔씨 각 부문 신입 및 경력 채용,https://www.saramin.co.kr/zf_user/jobs/relay/view?view_type=search&rec_idx=49534588&location=ts&searchword=javascript&searchType=search&paid_fl=n&search_uuid=c456222a-2353-4e8b-9e55-51177705898c,서울  서초구,신입·경력,대졸↑,정규직·계약직,오늘마감,"Javascript, Java, CSS, HTML, H/W",회사내규에 따름
(주)케이엘넷,각 부문 신입/경력 채용공고,https://www.saramin.co.kr/zf_user/jobs/relay/view?view_type=search&rec_idx=49529556&location=ts&searchword=javascript&searchType=search&paid_fl=n&search_uuid=c456222a-2353-4e8b-9e55-51177705898c,서울  강남구,신입·경력,초대졸↑,정규직·계약직,~ 12/22(일),"Javascript, 프론트엔드, Java, 웹개발, HTML",회사내규에 따름
메이저월드(주),2024년 하반기 정시 채용(신입/경력),https://www.saramin.co.kr/zf_user/jobs/relay/view?view_type=search&rec_idx=49536163&location=ts&searchword=javascript&searchType=search&paid_fl=n&search_uuid=c456222a-2353-4e8b-9e55-51177705898c,서울  송파구,신입·경력,학력무관,정규직,오늘마감,"Javascript, 프론트엔드, Java, 웹개발, React",회사내규에 따름
우리에프아이에스(주),우리에프아이에스 2024년 경력사원 채용 공고,https://www.saramin.co.kr/zf_user/jobs/relay/view?view_type=search&rec_idx=49587708&location=ts&searchword=javascript&searchType=search&paid_fl=n&search_uuid=c456222a-2353-4e8b-9e55-51177705898c,서울  마포구,경력,학력무관,정규직,~ 12/22(일),"Javascript, Java, 웹개발, CSS, 백엔드/서버개발",회사내규에 따름
(주)성원아이북랜드,[강남본사] 각 부문 신입/경력직 채용,https://www.saramin.co.kr/zf_user/jobs/relay/view?view_type=search&rec_idx=49543337&location=ts&searchword=javascript&searchType=search&paid_fl=n&search_uuid=c456222a-2353-4e8b-9e55-51177705898c,서울  서초구,신입·경력,초대졸↑,정규직·계약직,내일마감,"Javascript, 프론트엔드, Java, 웹개발, CSS",회사내규에 따름
(주)교원,[교원그룹] 12월 정기채용,https://www.saramin.co.kr/zf_user/jobs/relay/view?view_type=search&rec_idx=49585866&location=ts&searchword=javascript&searchType=search&paid_fl=n&search_uuid=c456222a-2353-4e8b-9e55-51177705898c,서울  중구,신입·경력,고졸↑,정규직·계약직,~ 12/22(일),"Javascript, Java, React, 데이터분석가, 데이터엔지니어",회사내규에 따름
이에이트(주),[코스닥 상장사] 이에이트 신입 및 경력 채용,https://www.saramin.co.kr/zf_user/jobs/relay/view?view_type=search&rec_idx=48494926&location=ts&searchword=javascript&searchType=search&paid_fl=n&search_uuid=c456222a-2353-4e8b-9e55-51177705898c,서울  송파구,신입·경력,학력무관,정규직·전문연구요원,~ 12/31(화),"Javascript, 프론트엔드, Java, React, CSS",회사내규에 따름
(주)크리젠솔루션,[신입] 금융솔루션 개발 및 유지보수 담당자 모집,https://www.saramin.co.kr/zf_user/jobs/relay/view?view_type=search&rec_idx=49598814&location=ts&searchword=javascript&searchType=search&paid_fl=n&search_uuid=c456222a-2353-4e8b-9e55-51177705898c,서울  구로구,신입,초대졸↑,정규직,~ 01/16(목),"Javascript, 프론트엔드, Java, 웹개발, CSS",회사내규에 따름
(주)모스티소프트,(주)모스티소프트 2025년 신입직원 공개 채용,https://www.saramin.co.kr/zf_user/jobs/relay/view?view_type=search&rec_idx=49594544&location=ts&searchword=javascript&searchType=search&paid_fl=n&search_uuid=c456222a-2353-4e8b-9e55-51177705898c,서울  영등포구,신입,초대졸↑,정규직,~ 01/03(금),"Javascript, 프론트엔드, Java, 웹개발, CSS",회사내규에 따름
(주)티엑스알로보틱스,2024년 하반기 상시채용 모집,https://www.saramin.co.kr/zf_user/jobs/relay/view?view_type=search&rec_idx=49424016&location=ts&searchword=javascript&searchType=search&paid_fl=n&search_uuid=c456222a-2353-4e8b-9e55-51177705898c,경기  부천시,경력무관,학력무관,정규직,~ 12/22(일),"Javascript, 프론트엔드, Java, React, CSS",회사내규에 따름
동아출판(주),동아출판㈜ 2024년 12월 경력사원 채용,https://www.saramin.co.kr/zf_user/jobs/relay/view?view_type=search&rec_idx=49582206&location=ts&searchword=javascript&searchType=search&paid_fl=n&search_uuid=c456222a-2353-4e8b-9e55-51177705898c,서울  영등포구,경력,대졸↑,정규직·계약직,~ 12/29(일),"Javascript, 프론트엔드, Java, 웹개발, HTML",회사내규에 따름
(주)알엠에쓰플렛폼,JAVA 개발자 신입 및 경력 모집,https://www.saramin.co.kr/zf_user/jobs/relay/view?view_type=search&rec_idx=49593782&location=ts&searchword=javascript&searchType=search&paid_fl=n&search_uuid=c456222a-2353-4e8b-9e55-51177705898c,서울  마포구,신입·경력,학력무관,정규직,~ 01/15(수),"Javascript, 프론트엔드, Java, 웹개발, 백엔드/서버개발",회사내규에 따름
(주)아이지아이코리아,웹 개발자 채용,https://www.saramin.co.kr/zf_user/jobs/relay/view?view_type=search&rec_idx=49607217&location=ts&searchword=javascript&searchType=search&paid_fl=n&search_uuid=c456222a-2353-4e8b-9e55-51177705898c,서울  종로구,신입,대졸↑,정규직,~ 01/05(일),"Javascript, 프론트엔드, Java, 웹개발, HTML",회사내규에 따름
(주)일신비츠온,각부문 신입/경력 사원 공개채용,https://www.saramin.co.kr/zf_user/jobs/relay/view?view_type=search&rec_idx=49464757&location=ts&searchword=javascript&searchType=search&paid_fl=n&search_uuid=c456222a-2353-4e8b-9e55-51177705898c,경기  남양주시,신입·경력,고졸↑,정규직,~ 12/31(화),"Javascript, Java, Spring, ERP, AWS",회사내규에 따름
동진상선(주),동진상선㈜ 전산팀 담당자(신입 or 경력) 모집,https://www.saramin.co.kr/zf_user/jobs/relay/view?view_type=search&rec_idx=49603742&location=ts&searchword=javascript&searchType=search&paid_fl=n&search_uuid=c456222a-2353-4e8b-9e55-51177705898c,서울  중구,신입·경력,대졸↑,정규직,~ 12/29(일),"Javascript, Java, 웹개발, CSS, HTML",회사내규에 따름
(주)희림종합건축사사무소,CM PJT현장/바이오에너지PJT현장 채용,https://www.saramin.co.kr/zf_user/jobs/relay/view?view_type=search&rec_idx=49551172&location=ts&searchword=javascript&searchType=search&paid_fl=n&search_uuid=c456222a-2353-4e8b-9e55-51177705898c,서울전체,신입·경력,학력무관,정규직·기간제,~ 12/31(화),"Javascript, 웹개발, 웹마스터, 퍼블리셔, 영상처리",회사내규에 따름
청오디피케이(주),도미노피자 각 부문(자회사 포함) 공개 채용,https://www.saramin.co.kr/zf_user/jobs/relay/view?view_type=search&rec_idx=49518346&location=ts&searchword=javascript&searchType=search&paid_fl=n&search_uuid=c456222a-2353-4e8b-9e55-51177705898c,서울  강남구,신입·경력,학력무관,정규직,~ 12/27(금),"Javascript, 프론트엔드, Java, 웹개발, React",회사내규에 따름
동아화성(주),동아화성(주) 2024년 하반기 신입 및 경력직원 모집,https://www.saramin.co.kr/zf_user/jobs/relay/view?view_type=search&rec_idx=49516721&location=ts&searchword=javascript&searchType=search&paid_fl=n&search_uuid=323d99d6-7bb0-42be-b77f-b95ca307c9f3,경남  김해시,신입·경력,초대졸↑,정규직,~ 12/31(화),"Javascript, Java, ASP.NET, MSSQL, 총무",회사내규에 따름
(주)와치텍,25년 상반기 인재 채용,https://www.saramin.co.kr/zf_user/jobs/relay/view?view_type=search&rec_idx=49551277&location=ts&searchword=javascript&searchType=search&paid_fl=n&search_uuid=323d99d6-7bb0-42be-b77f-b95ca307c9f3,서울  영등포구,신입·경력,초대졸↑,정규직,~ 12/20(금),"Javascript, 프론트엔드, Java, 웹개발, 백엔드/서버개발",회사내규에 따름
(주)디알텍,2024년 신입 및 경력 채용,https://www.saramin.co.kr/zf_user/jobs/relay/view?view_type=search&rec_idx=49507897&location=ts&searchword=javascript&searchType=search&paid_fl=n&search_uuid=323d99d6-7bb0-42be-b77f-b95ca307c9f3,경기  성남시 분당구,신입·경력,고졸↑,정규직,~ 12/31(화),"Javascript, HTML, 유지보수, 퍼블리셔, SE(시스템엔지니어)",회사내규에 따름
(주)마더케이,[사업확장] 각 부문 신규 채용,https://www.saramin.co.kr/zf_user/jobs/relay/view?view_type=search&rec_idx=48917246&location=ts&searchword=javascript&searchType=search&paid_fl=n&search_uuid=323d99d6-7bb0-42be-b77f-b95ca307c9f3,경기  성남시 분당구,신입·경력,초대졸↑,정규직,~ 12/31(화),"Javascript, 프론트엔드, Java, 웹개발, 백엔드/서버개발",회사내규에 따름
위드시스템(주),각 부문 신입 및 경력사원 채용,https://www.saramin.co.kr/zf_user/jobs/relay/view?view_type=search&rec_idx=49564492&location=ts&searchword=javascript&searchType=search&paid_fl=n&search_uuid=323d99d6-7bb0-42be-b77f-b95ca307c9f3,경북  김천시,신입·경력,고졸↑,정규직,~ 12/31(화),"Javascript, Java, 앱개발, 네트워크, 임베디드",회사내규에 따름
㈜타이호인스트,웹개발자 신입사원 채용,https://www.saramin.co.kr/zf_user/jobs/relay/view?view_type=search&rec_idx=49575785&location=ts&searchword=javascript&searchType=search&paid_fl=n&search_uuid=323d99d6-7bb0-42be-b77f-b95ca307c9f3,서울  구로구,신입,대졸↑,정규직,~ 12/26(목),"Javascript, 프론트엔드, Java, 웹개발, 백엔드/서버개발",회사내규에 따름
영남이공대학교,영남이공대학교 일반직원 공개채용 공고,https://www.saramin.co.kr/zf_user/jobs/relay/view?view_type=search&rec_idx=49525634&location=ts&searchword=javascript&searchType=search&paid_fl=n&search_uuid=323d99d6-7bb0-42be-b77f-b95ca307c9f3,대구  남구,신입·경력,초대졸↑,정규직,~ 12/23(월),"Javascript, Java, 웹개발, 앱개발, SE(시스템엔지니어)",회사내규에 따름
지에스차지비(주),[GS차지비㈜] 하반기 각 부문 신입 및 경력 채용,https://www.saramin.co.kr/zf_user/jobs/relay/view?view_type=search&rec_idx=49584563&location=ts&searchword=javascript&searchType=search&paid_fl=n&search_uuid=323d99d6-7bb0-42be-b77f-b95ca307c9f3,서울  서초구,신입·경력,학력무관,정규직·계약직,~ 12/31(화),"Javascript, 프론트엔드, Java, 웹개발, React",회사내규에 따름
(주)푸드테크,㈜푸드테크 하반기 신입/경력 전부문 채용,https://www.saramin.co.kr/zf_user/jobs/relay/view?view_type=search&rec_idx=49525316&location=ts&searchword=javascript&searchType=search&paid_fl=n&search_uuid=323d99d6-7bb0-42be-b77f-b95ca307c9f3,서울  강남구,신입·경력,초대졸↑,정규직,~ 12/31(화),"Javascript, Java, 웹개발, React, CSS",회사내규에 따름
(주)휴머스온,2025년도 휴머스온 대규모 채용 상반기 SW/Biz 공채 경력공채,https://www.saramin.co.kr/zf_user/jobs/relay/view?view_type=search&rec_idx=49593871&location=ts&searchword=javascript&searchType=search&paid_fl=n&search_uuid=323d99d6-7bb0-42be-b77f-b95ca307c9f3,서울  강남구,신입·경력,대졸↑,정규직·인턴직,~ 01/01(수),"Javascript, 프론트엔드, Java, 웹개발, React",회사내규에 따름
해커스교육그룹,2024년 해커스 교육그룹 [신입/경력] 각 부문별 채용공고,https://www.saramin.co.kr/zf_user/jobs/relay/view?view_type=search&rec_idx=49106274&location=ts&searchword=javascript&searchType=search&paid_fl=n&search_uuid=323d99d6-7bb0-42be-b77f-b95ca307c9f3,서울  서초구,신입·경력,학력무관,정규직·계약직,상시채용,"Javascript, 프론트엔드, Java, 웹개발, HTML",회사내규에 따름
(주)세종분석연구원,입찰분석연구원 외 각 부문별 신입 및 경력사원 모집,https://www.saramin.co.kr/zf_user/jobs/relay/view?view_type=search&rec_idx=46521833&location=ts&searchword=javascript&searchType=search&paid_fl=n&search_uuid=323d99d6-7bb0-42be-b77f-b95ca307c9f3,서울  마포구,신입·경력,학력무관,정규직,~ 12/30(월),"Javascript, 프론트엔드, Java, 웹개발, HTML",회사내규에 따름
한국특수가스(주),한국특수가스㈜ 부문별 신입 및 경력 채용,https://www.saramin.co.kr/zf_user/jobs/relay/view?view_type=search&rec_idx=49331516&location=ts&searchword=javascript&searchType=search&paid_fl=n&search_uuid=323d99d6-7bb0-42be-b77f-b95ca307c9f3,전북  익산시,신입·경력,학력무관,정규직,~ 01/04(토),"Javascript, Java, 웹개발, CSS, HTML",회사내규에 따름
어플라이드머티어리얼즈코리아(주),Full Stack Developer 신입/경력(2년 이하) 채용,https://www.saramin.co.kr/zf_user/jobs/relay/view?view_type=search&rec_idx=49600694&location=ts&searchword=javascript&searchType=search&paid_fl=n&search_uuid=323d99d6-7bb0-42be-b77f-b95ca307c9f3,경기  성남시 분당구,신입·경력,대졸↑,정규직,~ 12/26(목),"Javascript, TypeScript, 데이터엔지니어, 네트워크, 빅데이터",회사내규에 따름
에이엠(주),에이엠㈜ 신입/경력 채용 모집,https://www.saramin.co.kr/zf_user/jobs/relay/view?view_type=search&rec_idx=49452884&location=ts&searchword=javascript&searchType=search&paid_fl=n&search_uuid=323d99d6-7bb0-42be-b77f-b95ca307c9f3,경기  과천시,신입·경력,대졸↑,정규직,~ 12/21(토),"Javascript, Java, 웹개발, 백엔드/서버개발, 기술지원",회사내규에 따름
(주)엔씨소프트,엔씨소프트 전 부문 수시 채용,https://www.saramin.co.kr/zf_user/jobs/relay/view?view_type=search&rec_idx=48103965&location=ts&searchword=javascript&searchType=search&paid_fl=n&search_uuid=323d99d6-7bb0-42be-b77f-b95ca307c9f3,경기  성남시 분당구,신입·경력,학력무관,정규직,~ 05/14(수),"Javascript, Java, React, 백엔드/서버개발, Spring",회사내규에 따름
(주)위즈코리아,"㈜위즈코리아/㈜위즈COK SE(시스템 엔지니어), PM 채용",https://www.saramin.co.kr/zf_user/jobs/relay/view?view_type=search&rec_idx=49536432&location=ts&searchword=javascript&searchType=search&paid_fl=n&search_uuid=323d99d6-7bb0-42be-b77f-b95ca307c9f3,서울  강서구,신입·경력,학력무관,정규직·병역특례,~ 12/31(화),"Javascript, 프론트엔드, Java, 웹개발, CSS",회사내규에 따름
브레인즈컴퍼니(주),각 부문 경력/신입 채용,https://www.saramin.co.kr/zf_user/jobs/relay/view?view_type=search&rec_idx=49563590&location=ts&searchword=javascript&searchType=search&paid_fl=n&search_uuid=323d99d6-7bb0-42be-b77f-b95ca307c9f3,서울  성동구,신입·경력,대졸↑,정규직·전문연구요원,~ 12/29(일),"Javascript, 프론트엔드, Java, 웹개발, React",회사내규에 따름
(주)우리기술,원자력 HW개발/SW개발/철도사업엔지니어/구매생산 분야 채용 모집,https://www.saramin.co.kr/zf_user/jobs/relay/view?view_type=search&rec_idx=49523729&location=ts&searchword=javascript&searchType=search&paid_fl=n&search_uuid=323d99d6-7bb0-42be-b77f-b95ca307c9f3,서울  마포구,신입·경력,대졸↑,정규직,~ 12/31(화),"Javascript, 프론트엔드, Java, 백엔드/서버개발, 보안컨설팅",회사내규에 따름
㈜모니터랩,[코스닥상장] 웹사이트 Front-end 개발(프론트엔드),https://www.saramin.co.kr/zf_user/jobs/relay/view?view_type=search&rec_idx=49565048&location=ts&searchword=javascript&searchType=search&paid_fl=n&search_uuid=323d99d6-7bb0-42be-b77f-b95ca307c9f3,서울  구로구,경력무관,학력무관,정규직,~ 01/09(목),"Javascript, 프론트엔드, Java, 웹개발, React",회사내규에 따름
(주)케이지모빌리언스,"[KG모빌리언스] JAVA 웹, 응용 서비스 개발 및 운영 담당",https://www.saramin.co.kr/zf_user/jobs/relay/view?view_type=search&rec_idx=49496304&location=ts&searchword=javascript&searchType=search&paid_fl=n&search_uuid=323d99d6-7bb0-42be-b77f-b95ca307c9f3,서울  중구,신입·경력,학력무관,정규직,~ 12/29(일),"Javascript, Java, 웹개발, CSS, Spring",회사내규에 따름
브레인즈컴퍼니(주),프론트엔드 개발자 (신입),https://www.saramin.co.kr/zf_user/jobs/relay/view?view_type=search&rec_idx=49587029&location=ts&searchword=javascript&searchType=search&paid_fl=n&search_uuid=323d99d6-7bb0-42be-b77f-b95ca307c9f3,서울  성동구,신입·경력,대졸↑,정규직,~ 12/29(일),"Javascript, 프론트엔드, 웹개발, React, CSS",회사내규에 따름
브레인즈컴퍼니(주),풀스택 개발자 (신입),https://www.saramin.co.kr/zf_user/jobs/relay/view?view_type=search&rec_idx=49587038&location=ts&searchword=javascript&searchType=search&paid_fl=n&search_uuid=323d99d6-7bb0-42be-b77f-b95ca307c9f3,서울  성동구,신입·경력,대졸↑,정규직,~ 12/29(일),"Javascript, 프론트엔드, 웹개발, CSS, HTML",회사내규에 따름
알서포트(주),[코스닥 상장사] 웹 프론트엔드 개발자 경력 채용,https://www.saramin.co.kr/zf_user/jobs/relay/view?view_type=search&rec_idx=49594073&location=ts&searchword=javascript&searchType=search&paid_fl=n&search_uuid=323d99d6-7bb0-42be-b77f-b95ca307c9f3,서울  강동구,경력3년↑,학력무관,정규직,~ 12/30(월),"Javascript, 프론트엔드, Java, 웹개발, React",회사내규에 따름
브레인즈컴퍼니(주),백엔드 개발자 (신입),https://www.saramin.co.kr/zf_user/jobs/relay/view?view_type=search&rec_idx=49587025&location=ts&searchword=javascript&searchType=search&paid_fl=n&search_uuid=323d99d6-7bb0-42be-b77f-b95ca307c9f3,서울  성동구,신입·경력,대졸↑,정규직,~ 12/29(일),"Javascript, 프론트엔드, Java, 웹개발, React",회사내규에 따름
(주)박영사,웹 프론트엔드/웹디자인 경력3년이상 (신입 가능) 채용,https://www.saramin.co.kr/zf_user/jobs/relay/view?view_type=search&rec_idx=49604675&location=ts&searchword=javascript&searchType=search&paid_fl=n&search_uuid=323d99d6-7bb0-42be-b77f-b95ca307c9f3,서울전체,신입·경력,학력무관,정규직,~ 01/16(목),"Javascript, 프론트엔드, Java, 웹개발, CSS",회사내규에 따름
알서포트(주),[코스닥 상장사] 웹 프론트엔드 개발자 채용 (장애인채용),https://www.saramin.co.kr/zf_user/jobs/relay/view?view_type=search&rec_idx=49593995&location=ts&searchword=javascript&searchType=search&paid_fl=n&search_uuid=323d99d6-7bb0-42be-b77f-b95ca307c9f3,서울  강동구,경력무관,학력무관,계약직,~ 12/30(월),"Javascript, 프론트엔드, Java, 웹개발, React",회사내규에 따름
(주)포시에스,(주)포시에스 시스템 인프라 운영 관리자 채용 (신입/경력),https://www.saramin.co.kr/zf_user/jobs/relay/view?view_type=search&rec_idx=49430851&location=ts&searchword=javascript&searchType=search&paid_fl=n&search_uuid=323d99d6-7bb0-42be-b77f-b95ca307c9f3,서울  강남구,경력무관,학력무관,정규직·인턴직,채용시,"Javascript, Java, 정보보안, SE(시스템엔지니어), 네트워크",회사내규에 따름
(주)플그림,2024 하반기 개발직군 경력직 채용[AA],https://www.saramin.co.kr/zf_user/jobs/relay/view?view_type=search&rec_idx=49432172&location=ts&searchword=javascript&searchType=search&paid_fl=n&search_uuid=323d99d6-7bb0-42be-b77f-b95ca307c9f3,서울  성동구,경력,대졸↑,정규직,~ 12/31(화),"Javascript, 프론트엔드, Java, 웹개발, React",회사내규에 따름
주식회사 핌아시아,[핌아시아 떠리몰] 이커머스 MD/개발/서비스기획/마케팅/디자인,https://www.saramin.co.kr/zf_user/jobs/relay/view?view_type=search&rec_idx=49498404&location=ts&searchword=javascript&searchType=search&paid_fl=n&search_uuid=323d99d6-7bb0-42be-b77f-b95ca307c9f3,서울  강남구,경력,초대졸↑,정규직·계약직,~ 12/31(화),"Javascript, 프론트엔드, Java, 웹개발, React",회사내규에 따름
이데아텍(주),[신입] 플랫폼 운영/개발 담당자 채용,https://www.saramin.co.kr/zf_user/jobs/relay/view?view_type=search&rec_idx=49560477&location=ts&searchword=javascript&searchType=search&paid_fl=n&search_uuid=323d99d6-7bb0-42be-b77f-b95ca307c9f3,서울  강남구,신입,학력무관,정규직,~ 02/08(토),"Javascript, Java, 웹개발, TypeScript, Spring",회사내규에 따름
(주)앰진,(주)앰진 프론트엔드 신입·경력 채용공고,https://www.saramin.co.kr/zf_user/jobs/relay/view?view_type=search&rec_idx=49601880&location=ts&searchword=javascript&searchType=search&paid_fl=n&search_uuid=323d99d6-7bb0-42be-b77f-b95ca307c9f3,서울  송파구,신입·경력,대졸↑,정규직,~ 12/23(월),"Javascript, 프론트엔드, CSS, 백엔드/서버개발, TypeScript",회사내규에 따름
알디에스(주),알디에스(오뚜기IT자회사) IT (웹)운영개발 사원모집,https://www.saramin.co.kr/zf_user/jobs/relay/view?view_type=search&rec_idx=49540716&location=ts&searchword=javascript&searchType=search&paid_fl=n&search_uuid=323d99d6-7bb0-42be-b77f-b95ca307c9f3,서울  강남구,신입,대졸↑,정규직,~ 12/22(일),"Javascript, 프론트엔드, Java, 웹개발, React",회사내규에 따름
(주)에스피파트너스,[웹디자인] 2025년 에스피파트너스 상반기 채용 공고,https://www.saramin.co.kr/zf_user/jobs/relay/view?view_type=search&rec_idx=49610063&location=ts&searchword=javascript&searchType=search&paid_fl=n&search_uuid=323d99d6-7bb0-42be-b77f-b95ca307c9f3,대구  동구,신입·경력,대졸↑,정규직,진행예정,"Javascript, 웹개발, 퍼블리셔, 데이터시각화, 웹표준·웹접근성",회사내규에 따름
(주)두다지,불법 저작권 모니터링 시스템 개발 및 운영,https://www.saramin.co.kr/zf_user/jobs/relay/view?view_type=search&rec_idx=49606240&location=ts&searchword=javascript&searchType=search&paid_fl=n&search_uuid=323d99d6-7bb0-42be-b77f-b95ca307c9f3,서울  관악구,신입·경력,대졸↑,정규직,~ 01/15(수),"Javascript, 프론트엔드, 웹개발, 백엔드/서버개발, 퍼블리셔",회사내규에 따름
잇솔루션(주),프론트엔드 개발자 주니어 채용,https://www.saramin.co.kr/zf_user/jobs/relay/view?view_type=search&rec_idx=49518321&location=ts&searchword=javascript&searchType=search&paid_fl=n&search_uuid=323d99d6-7bb0-42be-b77f-b95ca307c9f3,서울  강남구,신입·경력,고졸↑,정규직,~ 01/01(수),"Javascript, 프론트엔드, Java, React, CSS",회사내규에 따름
(주)나라스페이스테크놀로지,[NARA SPACE] 각 부문별 직원모집,https://www.saramin.co.kr/zf_user/jobs/relay/view?view_type=search&rec_idx=49394069&location=ts&searchword=javascript&searchType=search&paid_fl=n&search_uuid=323d99d6-7bb0-42be-b77f-b95ca307c9f3,서울  영등포구,신입·경력,초대졸↑,정규직,상시채용,"Javascript, 프론트엔드, 웹개발, React, CSS",회사내규에 따름
(주)웨이팅홀딩스,[500만팔로워를 보유한 플랫폼 기업] 각 부문 신입 및 경력 채용,https://www.saramin.co.kr/zf_user/jobs/relay/view?view_type=search&rec_idx=49141200&location=ts&searchword=javascript&searchType=search&paid_fl=n&search_uuid=323d99d6-7bb0-42be-b77f-b95ca307c9f3,서울  마포구,경력무관,학력무관,정규직,~ 12/31(화),"Javascript, Java, CSS, HTML, 퍼블리셔",회사내규에 따름
법무법인와이케이,[국내TOP7로펌/법무법인YK] 강남본사 프론트엔드/ 백엔드 개발담당자 채용,https://www.saramin.co.kr/zf_user/jobs/relay/view?view_type=search&rec_idx=49445132&location=ts&searchword=javascript&searchType=search&paid_fl=n&search_uuid=323d99d6-7bb0-42be-b77f-b95ca307c9f3,서울  강남구,신입·경력,학력무관,정규직,~ 12/20(금),"Javascript, 프론트엔드, Java, 웹개발, React",회사내규에 따름
(주)팜아이앤씨,웹 개발자 모집,https://www.saramin.co.kr/zf_user/jobs/relay/view?view_type=search&rec_idx=49592152&location=ts&searchword=javascript&searchType=search&paid_fl=n&search_uuid=323d99d6-7bb0-42be-b77f-b95ca307c9f3,경남  양산시,신입,대졸↑,정규직,채용시,"Javascript, 프론트엔드, 웹개발, React, 백엔드/서버개발",회사내규에 따름
(주)리즌디자인,퍼블리셔 / 프론트엔드 개발자 채용 (Vue.js),https://www.saramin.co.kr/zf_user/jobs/relay/view?view_type=search&rec_idx=49595776&location=ts&searchword=javascript&searchType=search&paid_fl=n&search_uuid=a0e84d23-521a-44ad-9318-66b56e1cf261,서울  중구,경력무관,초대졸↑,계약직,~ 12/31(화),"Javascript, 프론트엔드, 웹개발, React, ReactJS",회사내규에 따름
(주)앤드와이즈,"소프트웨어 개발, 기술지원 및 유지보수",https://www.saramin.co.kr/zf_user/jobs/relay/view?view_type=search&rec_idx=49602670&location=ts&searchword=javascript&searchType=search&paid_fl=n&search_uuid=a0e84d23-521a-44ad-9318-66b56e1cf261,서울  강남구,경력무관,학력무관,정규직,~ 01/16(목),"Javascript, Java, 기술지원, 유지보수, 퍼블리셔",회사내규에 따름
(주)아이비엠에스,SI / SM / 솔루션 IT 개발자 채용 각 분야모집 (아이비엠에스),https://www.saramin.co.kr/zf_user/jobs/relay/view?view_type=search&rec_idx=49603121&location=ts&searchword=javascript&searchType=search&paid_fl=n&search_uuid=a0e84d23-521a-44ad-9318-66b56e1cf261,서울  마포구,신입·경력,초대졸↑,정규직,~ 01/16(목),"Javascript, Java, 백엔드/서버개발, 유지보수, SE(시스템엔지니어)",회사내규에 따름
아이엔마케팅(주),웹 개발자 신입 채용,https://www.saramin.co.kr/zf_user/jobs/relay/view?view_type=search&rec_idx=49555159&location=ts&searchword=javascript&searchType=search&paid_fl=n&search_uuid=a0e84d23-521a-44ad-9318-66b56e1cf261,경기  파주시,신입·경력,초대졸↑,정규직,~ 01/07(화),"Javascript, 프론트엔드, Java, 웹개발, CSS",회사내규에 따름
주식회사 사이언스소프트,JAVA 프로그래머 채용 (신입/경력),https://www.saramin.co.kr/zf_user/jobs/relay/view?view_type=search&rec_idx=49522376&location=ts&searchword=javascript&searchType=search&paid_fl=n&search_uuid=a0e84d23-521a-44ad-9318-66b56e1cf261,서울  강서구,경력무관,학력무관,계약직,~ 01/02(목),"Javascript, Java, 웹개발, 백엔드/서버개발, Spring",회사내규에 따름
(주)즐거움을더하다,각 부문 경력사원 채용,https://www.saramin.co.kr/zf_user/jobs/relay/view?view_type=search&rec_idx=49605393&location=ts&searchword=javascript&searchType=search&paid_fl=n&search_uuid=a0e84d23-521a-44ad-9318-66b56e1cf261,서울  성동구,경력,학력무관,정규직,~ 12/31(화),"Javascript, React, CSS, HTML, 백엔드/서버개발",회사내규에 따름
(주)지피티코리아,생성형AI기반 웹서비스 개발자 채용,https://www.saramin.co.kr/zf_user/jobs/relay/view?view_type=search&rec_idx=49598750&location=ts&searchword=javascript&searchType=search&paid_fl=n&search_uuid=a0e84d23-521a-44ad-9318-66b56e1cf261,서울  금천구,신입,대졸↑,계약직,~ 01/15(수),"Javascript, 프론트엔드, 웹개발, Spring, DBA",회사내규에 따름
(주)플랙스뉴럴랩스,웹 개발자 신입/경력 채용,https://www.saramin.co.kr/zf_user/jobs/relay/view?view_type=search&rec_idx=49518994&location=ts&searchword=javascript&searchType=search&paid_fl=n&search_uuid=a0e84d23-521a-44ad-9318-66b56e1cf261,서울  관악구,신입·경력,학력무관,정규직,~ 01/03(금),"Javascript, 프론트엔드, 웹개발, CSS, HTML",회사내규에 따름
엠케이에스코리아(유),"용인 기계 엔지니어, 장안 구매/장비 엔지니어 모집",https://www.saramin.co.kr/zf_user/jobs/relay/view?view_type=search&rec_idx=49544604&location=ts&searchword=javascript&searchType=search&paid_fl=n&search_uuid=a0e84d23-521a-44ad-9318-66b56e1cf261,경기  용인시 기흥구,신입·경력,대졸↑,정규직,~ 12/30(월),"Javascript, Java, SE(시스템엔지니어), 트러블슈팅, S/W",회사내규에 따름
현대오토에버(주),차량SW · ICT · 경영지원 부문 채용,https://www.saramin.co.kr/zf_user/jobs/relay/view?view_type=search&rec_idx=47669139&location=ts&searchword=javascript&searchType=search&paid_fl=n&search_uuid=a0e84d23-521a-44ad-9318-66b56e1cf261,서울  강남구,경력,학력무관,정규직·계약직,상시채용,"Javascript, Java, CSS, 백엔드/서버개발, 기술지원",회사내규에 따름
현대오토에버(주),SI 프로젝트 PM 경력채용,https://www.saramin.co.kr/zf_user/jobs/relay/view?view_type=search&rec_idx=49602234&location=ts&searchword=javascript&searchType=search&paid_fl=n&search_uuid=a0e84d23-521a-44ad-9318-66b56e1cf261,광주전체,경력4년↑,학력무관,정규직,상시채용,"Javascript, Java, SI개발, PL(프로젝트리더), PM(프로젝트매니저)",회사내규에 따름
(주)이수시스템,이수시스템 24년 경력직 채용,https://www.saramin.co.kr/zf_user/jobs/relay/view?view_type=search&rec_idx=48765387&location=ts&searchword=javascript&searchType=search&paid_fl=n&search_uuid=a0e84d23-521a-44ad-9318-66b56e1cf261,서울  서초구,경력,대졸↑,정규직,~ 12/31(화),"Javascript, 프론트엔드, Java, 웹개발, HTML",회사내규에 따름
유비벨록스(주),2024년도 분야별 인원모집 (서버개발/시설관리),https://www.saramin.co.kr/zf_user/jobs/relay/view?view_type=search&rec_idx=49559348&location=ts&searchword=javascript&searchType=search&paid_fl=n&search_uuid=a0e84d23-521a-44ad-9318-66b56e1cf261,서울  구로구,신입·경력,고졸↑,정규직,~ 12/31(화),"Javascript, Java, 백엔드/서버개발, Spring, SI개발",회사내규에 따름
(주)앤씨앤,"[앤씨앤/넥스트칩] 2024년 12월 연구소, 영업마케팅 각 부문 모집",https://www.saramin.co.kr/zf_user/jobs/relay/view?view_type=search&rec_idx=49488636&location=ts&searchword=javascript&searchType=search&paid_fl=n&search_uuid=a0e84d23-521a-44ad-9318-66b56e1cf261,경기  성남시 분당구,신입·경력,학력무관,정규직,~ 12/31(화),"Javascript, 프론트엔드, Java, React, CSS",회사내규에 따름
(주)에스티에이테스팅컨설팅,[ISTQB 교육/자격시험 지원]SW 테스트 엔지니어 모집,https://www.saramin.co.kr/zf_user/jobs/relay/view?view_type=search&rec_idx=49578003&location=ts&searchword=javascript&searchType=search&paid_fl=n&search_uuid=a0e84d23-521a-44ad-9318-66b56e1cf261,서울  중구,신입·경력,초대졸↑,정규직,~ 12/24(화),"Javascript, Java, 웹개발, CSS, HTML",회사내규에 따름
(주)더존비즈온,종합병원 EMR 개발 /기획(부산) 채용공고,https://www.saramin.co.kr/zf_user/jobs/relay/view?view_type=search&rec_idx=49392676&location=ts&searchword=javascript&searchType=search&paid_fl=n&search_uuid=a0e84d23-521a-44ad-9318-66b56e1cf261,부산  해운대구,경력,학력무관,정규직,~ 12/22(일),"Javascript, 프론트엔드, Java, 웹개발, React",회사내규에 따름
(주)키스템프그룹,[대기업/마곡]LG생활건강 '웹 디자이너' 채용(포폴 必),https://www.saramin.co.kr/zf_user/jobs/relay/view?view_type=search&rec_idx=49556640&location=ts&searchword=javascript&searchType=search&paid_fl=n&search_uuid=a0e84d23-521a-44ad-9318-66b56e1cf261,서울  강서구,경력2년↑,초대졸↑,파견직,~ 12/24(화),"Javascript, 생활용품, 화장품, 신문, 잡지",회사내규에 따름
엔셀 주식회사,IT사업부 JAVA개발자,https://www.saramin.co.kr/zf_user/jobs/relay/view?view_type=search&rec_idx=49607493&location=ts&searchword=javascript&searchType=search&paid_fl=n&search_uuid=a0e84d23-521a-44ad-9318-66b56e1cf261,경기  성남시 분당구,신입·경력,대졸↑,정규직,~ 01/16(목),"Javascript, 프론트엔드, Java, 웹개발, 백엔드/서버개발",회사내규에 따름
(주)데이터로드,금융시장의 미래를 설계하는 데이터로드 신입/경력 개발자 모집,https://www.saramin.co.kr/zf_user/jobs/relay/view?view_type=search&rec_idx=49553992&location=ts&searchword=javascript&searchType=search&paid_fl=n&search_uuid=a0e84d23-521a-44ad-9318-66b56e1cf261,서울  영등포구,신입·경력,대졸↑,정규직,~ 12/23(월),"Javascript, Java, 웹개발, 앱개발, DBMS",회사내규에 따름
(주)피아이이,㈜피아이이 하반기 경력사원 공개채용,https://www.saramin.co.kr/zf_user/jobs/relay/view?view_type=search&rec_idx=49491376&location=ts&searchword=javascript&searchType=search&paid_fl=n&search_uuid=a0e84d23-521a-44ad-9318-66b56e1cf261,경기  화성시,경력,초대졸↑,정규직·계약직,~ 12/31(화),"Javascript, Java, 기술지원, 데이터분석가, 데이터엔지니어",회사내규에 따름
(주)맑은소프트,웹개발/솔루션개발/이러닝시스템개발 신입/경력직 채용,https://www.saramin.co.kr/zf_user/jobs/relay/view?view_type=search&rec_idx=49499388&location=ts&searchword=javascript&searchType=search&paid_fl=n&search_uuid=a0e84d23-521a-44ad-9318-66b56e1cf261,서울  구로구,경력무관,초대졸↑,정규직,~ 12/31(화),"Javascript, 프론트엔드, Java, 웹개발, HTML",회사내규에 따름
(주)이에스티소프트,[면접비지급][(주)이에스티소프트] IT 분야별 신입/경력 채용,https://www.saramin.co.kr/zf_user/jobs/relay/view?view_type=search&rec_idx=49592394&location=ts&searchword=javascript&searchType=search&paid_fl=n&search_uuid=a0e84d23-521a-44ad-9318-66b56e1cf261,서울  영등포구,경력무관,고졸↑,정규직·기간제,~ 12/22(일),"Javascript, 프론트엔드, Java, 웹개발, HTML",회사내규에 따름
(주)서흥인터내셔날,룸앤홈 웹 퍼블리셔 모집,https://www.saramin.co.kr/zf_user/jobs/relay/view?view_type=search&rec_idx=49603182&location=ts&searchword=javascript&searchType=search&paid_fl=n&search_uuid=a0e84d23-521a-44ad-9318-66b56e1cf261,서울  동대문구,경력무관,초대졸↑,정규직,~ 01/21(화),"Javascript, CSS, 퍼블리셔, 반응형웹, 웹표준·웹접근성",회사내규에 따름
(주)메이아이,Frontend Engineer (프론트엔드 엔지니어),https://www.saramin.co.kr/zf_user/jobs/relay/view?view_type=search&rec_idx=49606808&location=ts&searchword=javascript&searchType=search&paid_fl=n&search_uuid=a0e84d23-521a-44ad-9318-66b56e1cf261,서울  강남구,경력 1~10년,학력무관,정규직,~ 01/16(목),"Javascript, 프론트엔드, 웹개발, React, HTML",회사내규에 따름
(주)세미티에스,2024 하반기 각 부문별 채용,https://www.saramin.co.kr/zf_user/jobs/relay/view?view_type=search&rec_idx=49214545&location=ts&searchword=javascript&searchType=search&paid_fl=n&search_uuid=a0e84d23-521a-44ad-9318-66b56e1cf261,경기  용인시 기흥구,신입·경력,학력무관,정규직,~ 12/30(월),"Javascript, 프론트엔드, React, TypeScript, 기술지원",회사내규에 따름
히어로손해사정(주),히어로손해사정 IT기획 팀장 채용,https://www.saramin.co.kr/zf_user/jobs/relay/view?view_type=search&rec_idx=49593683&location=ts&searchword=javascript&searchType=search&paid_fl=n&search_uuid=a0e84d23-521a-44ad-9318-66b56e1cf261,서울  영등포구,경력,대졸↑,정규직,채용시,"Javascript, Java, 기술지원, 네트워크, HTML5",회사내규에 따름
한국폴리텍대학 광명융합기술교육원,데이터분석/바이오/설계/AR/VR/전기 취업연계 교육생 모집,https://www.saramin.co.kr/zf_user/jobs/relay/view?view_type=search&rec_idx=49188717&location=ts&searchword=javascript&searchType=search&paid_fl=n&search_uuid=a0e84d23-521a-44ad-9318-66b56e1cf261,경기전체,경력무관,초대졸↑,교육생,~ 12/31(화),"Javascript, Java, 웹개발, React, 백엔드/서버개발",회사내규에 따름
법무법인와이케이,"[국내TOP7로펌/법무법인YK] 강남본사 송무직, 상담실장직 채용",https://www.saramin.co.kr/zf_user/jobs/relay/view?view_type=search&rec_idx=49278685&location=ts&searchword=javascript&searchType=search&paid_fl=n&search_uuid=a0e84d23-521a-44ad-9318-66b56e1cf261,서울  강남구,신입·경력,학력무관,정규직,~ 12/26(목),"Javascript, 프론트엔드, 웹개발, React, CSS",회사내규에 따름
(사)한국아이씨티기술협회,[국비무료IT취업]자바파이썬/웹개발/빅데이터/인공지능,https://www.saramin.co.kr/zf_user/jobs/relay/view?view_type=search&rec_idx=49333137&location=ts&searchword=javascript&searchType=search&paid_fl=n&search_uuid=a0e84d23-521a-44ad-9318-66b56e1cf261,서울전체,경력무관,학력무관,교육생,~ 12/23(월),"Javascript, 프론트엔드, Java, 웹개발, React",회사내규에 따름
(주)테솔로,로봇/로보틱스 S/W 엔지니어 모집(인턴/신입/경력/전문연구요원),https://www.saramin.co.kr/zf_user/jobs/relay/view?view_type=search&rec_idx=49472136&location=ts&searchword=javascript&searchType=search&paid_fl=n&search_uuid=a0e84d23-521a-44ad-9318-66b56e1cf261,경기  광명시,신입·경력,대졸↑,정규직·인턴직,~ 12/31(화),"Javascript, 백엔드/서버개발, SE(시스템엔지니어), SI개발, 알고리즘",회사내규에 따름
(주)넥스트코어테크놀로지,열정 가득한 풀스택[Full-Stack] 개발자  모집,https://www.saramin.co.kr/zf_user/jobs/relay/view?view_type=search&rec_idx=49369822&location=ts&searchword=javascript&searchType=search&paid_fl=n&search_uuid=a0e84d23-521a-44ad-9318-66b56e1cf261,서울  송파구,경력무관,초대졸↑,정규직,~ 01/09(목),"Javascript, Java, 웹개발, CSS, 백엔드/서버개발",회사내규에 따름
(주)위즈웍스,[개발자] JAVA/JSP 개발자 신입 / 경력직 채용,https://www.saramin.co.kr/zf_user/jobs/relay/view?view_type=search&rec_idx=49511604&location=ts&searchword=javascript&searchType=search&paid_fl=n&search_uuid=a0e84d23-521a-44ad-9318-66b56e1cf261,경기  안양시 동안구,신입·경력,초대졸↑,정규직,~ 01/01(수),"Javascript, 프론트엔드, Java, 웹개발, React",회사내규에 따름
주식회사 링커리어,[링커리어] 백엔드 개발자 신입,https://www.saramin.co.kr/zf_user/jobs/relay/view?view_type=search&rec_idx=49552310&location=ts&searchword=javascript&searchType=search&paid_fl=n&search_uuid=a0e84d23-521a-44ad-9318-66b56e1cf261,서울  강남구,신입·경력,대졸↑,정규직,~ 01/08(수),"Javascript, Java, 웹개발, 백엔드/서버개발, TypeScript",회사내규에 따름
㈜칸테크,ORACLE/PYTHON/JAVA/SQL 개발자 모집,https://www.saramin.co.kr/zf_user/jobs/relay/view?view_type=search&rec_idx=49545109&location=ts&searchword=javascript&searchType=search&paid_fl=n&search_uuid=a0e84d23-521a-44ad-9318-66b56e1cf261,서울  강남구,경력무관,초대졸↑,정규직,~ 01/05(일),"Javascript, Java, 웹개발, CSS, HTML",회사내규에 따름
건국대병원,[정규직] 2025년도 신입 전산원 채용,https://www.saramin.co.kr/zf_user/jobs/relay/view?view_type=search&rec_idx=49574950&location=ts&searchword=javascript&searchType=search&paid_fl=n&search_uuid=a0e84d23-521a-44ad-9318-66b56e1cf261,서울  광진구,신입,초대졸↑,정규직,~ 12/23(월),"Javascript, Java, HTML, 정보통신, C++",회사내규에 따름
㈜칸테크,BI 엔지니어 채용(신입·경력),https://www.saramin.co.kr/zf_user/jobs/relay/view?view_type=search&rec_idx=49607431&location=ts&searchword=javascript&searchType=search&paid_fl=n&search_uuid=a0e84d23-521a-44ad-9318-66b56e1cf261,서울  강남구,경력무관,대졸↑,정규직,~ 01/16(목),"Javascript, 데이터분석가, 데이터엔지니어, IT컨설팅, SI개발",회사내규에 따름
블루닷(주),딥러닝 알고리즘 엔지니어(신입),https://www.saramin.co.kr/zf_user/jobs/relay/view?view_type=search&rec_idx=49603827&location=ts&searchword=javascript&searchType=search&paid_fl=n&search_uuid=a0e84d23-521a-44ad-9318-66b56e1cf261,서울  강남구,신입·경력,대졸↑,정규직,~ 01/16(목),"Javascript, 프론트엔드, Java, 웹개발, 데이터분석가",회사내규에 따름
(주)민트로봇,[민트로봇] 로봇 어플리케이션 엔지니어 신입/경력 채용,https://www.saramin.co.kr/zf_user/jobs/relay/view?view_type=search&rec_idx=49600243&location=ts&searchword=javascript&searchType=search&paid_fl=n&search_uuid=a0e84d23-521a-44ad-9318-66b56e1cf261,서울  마포구,신입·경력,대졸↑,정규직,~ 12/31(화),"Javascript, 프론트엔드, React, 백엔드/서버개발, SE(시스템엔지니어)",회사내규에 따름
(주)모은넷,기술연구소 SW개발자 채용 (JAVA/C#/.NET),https://www.saramin.co.kr/zf_user/jobs/relay/view?view_type=search&rec_idx=49450374&location=ts&searchword=javascript&searchType=search&paid_fl=n&search_uuid=a0e84d23-521a-44ad-9318-66b56e1cf261,경기  수원시 영통구,경력무관,대졸↑,정규직,~ 12/22(일),"Javascript, 프론트엔드, Java, 웹개발, HTML",회사내규에 따름
알리엑스,"결제시스템 Java, Jsp 경력 개발자 채용(금융권 경험자 우대)",https://www.saramin.co.kr/zf_user/jobs/relay/view?view_type=search&rec_idx=49595887&location=ts&searchword=javascript&searchType=search&paid_fl=n&search_uuid=a0e84d23-521a-44ad-9318-66b56e1cf261,서울  강남구,경력 1~4년,학력무관,정규직,~ 01/15(수),"Javascript, Java, 웹개발, React, Spring",회사내규에 따름
(주)제이엘케이,[제이엘케이] 백엔드 개발자 (병역특례 가능),https://www.saramin.co.kr/zf_user/jobs/relay/view?view_type=search&rec_idx=49603629&location=ts&searchword=javascript&searchType=search&paid_fl=n&search_uuid=e4ed38c4-0c2a-45ee-8e91-2d5544970b38,서울  강남구,경력 1~4년,대졸↑,정규직·산업기능요원,~ 01/16(목),"Javascript, Java, React, 백엔드/서버개발, Django",회사내규에 따름
(주)디어그린,"소프트웨어 개발자 모집(부분 재택, 파트가능)",https://www.saramin.co.kr/zf_user/jobs/relay/view?view_type=search&rec_idx=49588980&location=ts&searchword=javascript&searchType=search&paid_fl=n&search_uuid=e4ed38c4-0c2a-45ee-8e91-2d5544970b38,서울  서초구,경력무관,초대졸↑,정규직·계약직,~ 01/13(월),"Javascript, 백엔드/서버개발, .NET, C#, Flutter",회사내규에 따름
허브디앤씨,[허브디앤씨]웹/앱 백엔드 개발  채용,https://www.saramin.co.kr/zf_user/jobs/relay/view?view_type=search&rec_idx=49612089&location=ts&searchword=javascript&searchType=search&paid_fl=n&search_uuid=e4ed38c4-0c2a-45ee-8e91-2d5544970b38,서울  강남구,신입·경력,학력무관,정규직,~ 01/17(금),"Javascript, Java, 웹개발, HTML, 백엔드/서버개발",회사내규에 따름
허브디앤씨,[허브디앤씨]웹/앱 프론트엔드 개발 채용,https://www.saramin.co.kr/zf_user/jobs/relay/view?view_type=search&rec_idx=49612083&location=ts&searchword=javascript&searchType=search&paid_fl=n&search_uuid=e4ed38c4-0c2a-45ee-8e91-2d5544970b38,서울  강남구,신입·경력,학력무관,정규직,~ 01/17(금),"Javascript, 프론트엔드, Java, 웹개발, React",회사내규에 따름
(주)아이로브,(주)아이로브 제품개발팀에서 웹개발자를 모집함.,https://www.saramin.co.kr/zf_user/jobs/relay/view?view_type=search&rec_idx=49603050&location=ts&searchword=javascript&searchType=search&paid_fl=n&search_uuid=e4ed38c4-0c2a-45ee-8e91-2d5544970b38,경기  성남시 수정구,경력무관,학력무관,정규직,~ 01/16(목),"Javascript, 프론트엔드, React, CSS, HTML",회사내규에 따름
(주)맑음,발전을 위해 노력하는 JAVA & PHP 웹개발자를 채용합니다.,https://www.saramin.co.kr/zf_user/jobs/relay/view?view_type=search&rec_idx=49580100&location=ts&searchword=javascript&searchType=search&paid_fl=n&search_uuid=e4ed38c4-0c2a-45ee-8e91-2d5544970b38,서울  강남구,경력무관,초대졸↑,정규직,~ 01/11(토),"Javascript, Java, 웹개발, 백엔드/서버개발, Spring",회사내규에 따름
투브플러스(주),"[강남] 프론트엔드(React, Vue) 구인 공고",https://www.saramin.co.kr/zf_user/jobs/relay/view?view_type=search&rec_idx=49540460&location=ts&searchword=javascript&searchType=search&paid_fl=n&search_uuid=e4ed38c4-0c2a-45ee-8e91-2d5544970b38,서울  강남구,경력무관,학력무관,정규직,~ 01/05(일),"Javascript, 프론트엔드, React, CSS, HTML",회사내규에 따름
(주)에코누리시스템,[대전] 공공기관 시스템 운영ㆍ개발 신입사원모집,https://www.saramin.co.kr/zf_user/jobs/relay/view?view_type=search&rec_idx=49607707&location=ts&searchword=javascript&searchType=search&paid_fl=n&search_uuid=e4ed38c4-0c2a-45ee-8e91-2d5544970b38,대전  서구,신입,학력무관,정규직,~ 01/16(목),"Javascript, Java, 웹개발, 유지보수, SI개발",회사내규에 따름
마인드원(주),소프트웨어 개발 (Java&Python) 신입 및 경력 모집,https://www.saramin.co.kr/zf_user/jobs/relay/view?view_type=search&rec_idx=49559707&location=ts&searchword=javascript&searchType=search&paid_fl=n&search_uuid=e4ed38c4-0c2a-45ee-8e91-2d5544970b38,서울  강남구,신입,대졸↑,정규직,~ 01/09(목),"Java, 웹개발, CSS, HTML, Spring",회사내규에 따름
한국가이던스,열정과 소통능력이 좋은 풀스택 개발자  채용(Full-Stack),https://www.saramin.co.kr/zf_user/jobs/relay/view?view_type=search&rec_idx=49590596&location=ts&searchword=javascript&searchType=search&paid_fl=n&search_uuid=e4ed38c4-0c2a-45ee-8e91-2d5544970b38,대구  달서구,경력무관,초대졸↑,정규직,~ 12/22(일),"프론트엔드, Java, 웹개발, 백엔드/서버개발, Spring",회사내규에 따름
(주)고운세상코스메틱,고운세상코스메틱 (닥터지) 전직군 신입/경력 채용,https://www.saramin.co.kr/zf_user/jobs/relay/view?view_type=search&rec_idx=49521026&location=ts&searchword=javascript&searchType=search&paid_fl=n&search_uuid=e4ed38c4-0c2a-45ee-8e91-2d5544970b38,경기  성남시,신입·경력,대졸↑,정규직·계약직,~ 01/03(금),"영업관리, 영업지원, 영업직, 판매직, 영업마케팅",회사내규에 따름
법무법인와이케이,[국내TOP7로펌/법무법인YK] 강남본사 공개채용(비대면 상담/추심/경영지원/기획/채권집행팀),https://www.saramin.co.kr/zf_user/jobs/relay/view?view_type=search&rec_idx=49544216&location=ts&searchword=javascript&searchType=search&paid_fl=n&search_uuid=e4ed38c4-0c2a-45ee-8e91-2d5544970b38,서울  강남구,신입·경력,학력무관,정규직,~ 02/03(월),"전산회계, 회계사, 관리회계, 기업회계, 세무회계",회사내규에 따름
한화호텔앤드리조트(주),[한화H&R/에스테이트] 웹 개발 담당자 주니어급 경력직 채용,https://www.saramin.co.kr/zf_user/jobs/relay/view?view_type=search&rec_idx=49535694&location=ts&searchword=javascript&searchType=search&paid_fl=n&search_uuid=e4ed38c4-0c2a-45ee-8e91-2d5544970b38,서울  영등포구,경력3년↑,대졸↑,계약직,~ 01/12(일),"Javascript, Java, 웹개발, CSS, HTML",회사내규에 따름
(주)엔디에스,SI 유지관리 프로젝트 경력직 채용,https://www.saramin.co.kr/zf_user/jobs/relay/view?view_type=search&rec_idx=49594754&location=ts&searchword=javascript&searchType=search&paid_fl=n&search_uuid=e4ed38c4-0c2a-45ee-8e91-2d5544970b38,경기  광명시,경력,학력무관,정규직·계약직,~ 12/22(일),"Javascript, Java, CSS, HTML, 유지보수",회사내규에 따름
대상정보기술(주),[대상정보기술] 각 부문별 신입·경력 채용,https://www.saramin.co.kr/zf_user/jobs/relay/view?view_type=search&rec_idx=49493135&location=ts&searchword=javascript&searchType=search&paid_fl=n&search_uuid=e4ed38c4-0c2a-45ee-8e91-2d5544970b38,서울  광진구,신입·경력,학력무관,정규직,~ 12/31(화),"Javascript, Java, 웹개발, 데이터분석가, 데이터엔지니어",회사내규에 따름
현대오토에버(주),프로젝트관리 경력채용,https://www.saramin.co.kr/zf_user/jobs/relay/view?view_type=search&rec_idx=49601921&location=ts&searchword=javascript&searchType=search&paid_fl=n&search_uuid=e4ed38c4-0c2a-45ee-8e91-2d5544970b38,서울  강남구,경력7년↑,학력무관,정규직,상시채용,"Javascript, Java, DBMS, jQuery, MSSQL",회사내규에 따름
(주)필에너지,2차전지 전산 직무 채용(경력),https://www.saramin.co.kr/zf_user/jobs/relay/view?view_type=search&rec_idx=49553254&location=ts&searchword=javascript&searchType=search&paid_fl=n&search_uuid=e4ed38c4-0c2a-45ee-8e91-2d5544970b38,경기  오산시,경력 3~10년,초대졸↑,정규직,~ 12/22(일),"Javascript, 프론트엔드, Java, React, HTML",회사내규에 따름
(주)씨메스,[CMES] 에너지본부(이차전지 검사사업부) 채용,https://www.saramin.co.kr/zf_user/jobs/relay/view?view_type=search&rec_idx=49420646&location=ts&searchword=javascript&searchType=search&paid_fl=n&search_uuid=e4ed38c4-0c2a-45ee-8e91-2d5544970b38,충북  청주시,신입·경력,초대졸↑,정규직,~ 01/05(일),"Javascript, Java, 기술지원, 유지보수, SE(시스템엔지니어)",회사내규에 따름
(주)메타엠,[메타엠]AICC R&D실/개발실/A솔루션실 개발자 채용,https://www.saramin.co.kr/zf_user/jobs/relay/view?view_type=search&rec_idx=49460113&location=ts&searchword=javascript&searchType=search&paid_fl=n&search_uuid=e4ed38c4-0c2a-45ee-8e91-2d5544970b38,서울  중구,경력무관,학력무관,정규직,상시채용,"Javascript, 프론트엔드, Java, 웹개발, CSS",회사내규에 따름
유니닥스(주),공공분야 개발 및 운영 유지보수 채용,https://www.saramin.co.kr/zf_user/jobs/relay/view?view_type=search&rec_idx=49482401&location=ts&searchword=javascript&searchType=search&paid_fl=n&search_uuid=e4ed38c4-0c2a-45ee-8e91-2d5544970b38,서울  구로구,경력 3~5년,학력무관,정규직·계약직,~ 12/26(목),"Javascript, Java, 웹개발, 백엔드/서버개발, 보안컨설팅",회사내규에 따름
에스케이쉴더스(주),[사이버보안AI랩스] AI 서비스 기획자 채용,https://www.saramin.co.kr/zf_user/jobs/relay/view?view_type=search&rec_idx=49553283&location=ts&searchword=javascript&searchType=search&paid_fl=n&search_uuid=e4ed38c4-0c2a-45ee-8e91-2d5544970b38,경기  성남시 분당구,경력3년↑,학력무관,정규직,~ 01/05(일),"Javascript, Java, 데이터분석가, 데이터엔지니어, 보안컨설팅",회사내규에 따름
(주)이지엠앤씨,이지엠앤씨  개발 신입&경력 개발자 모집(3차 채용),https://www.saramin.co.kr/zf_user/jobs/relay/view?view_type=search&rec_idx=49585847&location=ts&searchword=javascript&searchType=search&paid_fl=n&search_uuid=e4ed38c4-0c2a-45ee-8e91-2d5544970b38,울산  남구,경력무관,학력무관,정규직,~ 01/12(일),"Javascript, 프론트엔드, 웹개발, React, CSS",회사내규에 따름
(주)커넥트웨이브,[커넥트웨이브] 플레이오토 각 부문별 수시채용(신입/경력),https://www.saramin.co.kr/zf_user/jobs/relay/view?view_type=search&rec_idx=49487537&location=ts&searchword=javascript&searchType=search&paid_fl=n&search_uuid=e4ed38c4-0c2a-45ee-8e91-2d5544970b38,서울  구로구,경력무관,학력무관,정규직,~ 01/27(월),"Javascript, 웹개발, React, 솔루션, AWS",회사내규에 따름
(주)커넥트웨이브,[커넥트웨이브] 메이크샵 백엔드 개발자 채용(경력),https://www.saramin.co.kr/zf_user/jobs/relay/view?view_type=search&rec_idx=49573101&location=ts&searchword=javascript&searchType=search&paid_fl=n&search_uuid=e4ed38c4-0c2a-45ee-8e91-2d5544970b38,서울  금천구,경력1년↑,학력무관,정규직,~ 01/31(금),"Javascript, 웹개발, CSS, HTML, 백엔드/서버개발",회사내규에 따름
씨앤토트플러스(주),[상시모집] 능력 있는 IT 개발/운영 전문가 모집,https://www.saramin.co.kr/zf_user/jobs/relay/view?view_type=search&rec_idx=49560599&location=ts&searchword=javascript&searchType=search&paid_fl=n&search_uuid=e4ed38c4-0c2a-45ee-8e91-2d5544970b38,서울  서초구,경력 3~20년,학력무관,정규직·프리랜서,~ 01/09(목),"Javascript, 프론트엔드, Java, 웹개발, React",회사내규에 따름
대영유비텍(주),"[기술연구소] 2025년 상반기 인재채용(사업관리, S/W개발분야)",https://www.saramin.co.kr/zf_user/jobs/relay/view?view_type=search&rec_idx=49566878&location=ts&searchword=javascript&searchType=search&paid_fl=n&search_uuid=e4ed38c4-0c2a-45ee-8e91-2d5544970b38,경기  성남시 수정구,신입·경력,대졸↑,정규직,채용시,"Javascript, Java, React, 백엔드/서버개발, Spring",회사내규에 따름
펜타시큐리티(주),사내 시스템 서버 개발자 채용,https://www.saramin.co.kr/zf_user/jobs/relay/view?view_type=search&rec_idx=49591644&location=ts&searchword=javascript&searchType=search&paid_fl=n&search_uuid=e4ed38c4-0c2a-45ee-8e91-2d5544970b38,서울  영등포구,경력,학력무관,정규직·계약직,~ 01/15(수),"Javascript, 프론트엔드, Java, 웹개발, React",회사내규에 따름
펜타시큐리티(주),사내 시스템 서버 개발자,https://www.saramin.co.kr/zf_user/jobs/relay/view?view_type=search&rec_idx=49592146&location=ts&searchword=javascript&searchType=search&paid_fl=n&search_uuid=e4ed38c4-0c2a-45ee-8e91-2d5544970b38,서울전체,경력 3~10년,학력무관,정규직,~ 01/16(목),"Javascript, 프론트엔드, Java, 웹개발, React",회사내규에 따름
이지케어텍(주),[의료IT1위] 2024년 의료정보시스템 S/W 개발자(경력) 채용,https://www.saramin.co.kr/zf_user/jobs/relay/view?view_type=search&rec_idx=49347129&location=ts&searchword=javascript&searchType=search&paid_fl=n&search_uuid=e4ed38c4-0c2a-45ee-8e91-2d5544970b38,서울  중구,경력2년↑,초대졸↑,정규직·프리랜서,상시채용,"Javascript, 프론트엔드, Java, CSS, HTML",회사내규에 따름
(주)지엠티,스마트 모빌리티 사업부 기술개발 소프트웨어 개발 경력자 채용,https://www.saramin.co.kr/zf_user/jobs/relay/view?view_type=search&rec_idx=49597483&location=ts&searchword=javascript&searchType=search&paid_fl=n&search_uuid=e4ed38c4-0c2a-45ee-8e91-2d5544970b38,세종특별자치시,경력1년↑,학력무관,정규직,~ 01/15(수),"Javascript, 프론트엔드, Java, 웹개발, 백엔드/서버개발",회사내규에 따름
(주)파이오링크,"[코스닥상장사] L4-L7 스위치 개발 Linux,Python,C(신입/경력)",https://www.saramin.co.kr/zf_user/jobs/relay/view?view_type=search&rec_idx=49607059&location=ts&searchword=javascript&searchType=search&paid_fl=n&search_uuid=e4ed38c4-0c2a-45ee-8e91-2d5544970b38,서울  금천구,신입·경력,학력무관,정규직,~ 12/31(화),"Javascript, HTML, TypeScript, C++, C언어",회사내규에 따름
(주)산하정보기술,[야놀자계열사] 산하정보기술 RD유닛 WINGS 개발팀 채용,https://www.saramin.co.kr/zf_user/jobs/relay/view?view_type=search&rec_idx=49559882&location=ts&searchword=javascript&searchType=search&paid_fl=n&search_uuid=e4ed38c4-0c2a-45ee-8e91-2d5544970b38,서울  금천구,경력무관,학력무관,정규직,~ 01/09(목),"Javascript, Java, 유지보수, jQuery, JSP",회사내규에 따름
(주)케이지모빌리언스,[KG모빌리언스] QA 및 백오피스 개발 담당자,https://www.saramin.co.kr/zf_user/jobs/relay/view?view_type=search&rec_idx=49470115&location=ts&searchword=javascript&searchType=search&paid_fl=n&search_uuid=e4ed38c4-0c2a-45ee-8e91-2d5544970b38,서울  중구,신입·경력,학력무관,정규직,~ 12/26(목),"Javascript, Java, Spring, 기술지원, jQuery",회사내규에 따름
(주)에이스웍스코리아,자율주행 프론트엔드 개발 엔지니어 (전문연 가능),https://www.saramin.co.kr/zf_user/jobs/relay/view?view_type=search&rec_idx=49489045&location=ts&searchword=javascript&searchType=search&paid_fl=n&search_uuid=e4ed38c4-0c2a-45ee-8e91-2d5544970b38,서울  강남구,신입·경력,대졸↑,정규직,~ 12/31(화),"Javascript, 프론트엔드, 웹개발, CSS, HTML",회사내규에 따름
알서포트(주),[코스닥 상장사] 베트남 개발자 커뮤니케이터 경력 채용,https://www.saramin.co.kr/zf_user/jobs/relay/view?view_type=search&rec_idx=49593447&location=ts&searchword=javascript&searchType=search&paid_fl=n&search_uuid=e4ed38c4-0c2a-45ee-8e91-2d5544970b38,서울  강동구,경력2년↑,학력무관,정규직,~ 12/30(월),"Javascript, 웹개발, TypeScript, 유지보수, SI개발",회사내규에 따름
(주)포시에스,(주)포시에스 서비스 기술지원 엔지니어 채용 (신입/경력),https://www.saramin.co.kr/zf_user/jobs/relay/view?view_type=search&rec_idx=49430834&location=ts&searchword=javascript&searchType=search&paid_fl=n&search_uuid=e4ed38c4-0c2a-45ee-8e91-2d5544970b38,서울  강남구,경력무관,학력무관,정규직·인턴직,채용시,"Javascript, Java, 기술지원, 클라우드, 트러블슈팅",회사내규에 따름
켄코아에어로스페이스(주),"ERP 개발 및 유지, 전산 관리원 모집 공고",https://www.saramin.co.kr/zf_user/jobs/relay/view?view_type=search&rec_idx=49533939&location=ts&searchword=javascript&searchType=search&paid_fl=n&search_uuid=e4ed38c4-0c2a-45ee-8e91-2d5544970b38,경남  사천시,신입·경력,초대졸↑,정규직,채용시,"Javascript, Java, CSS, HTML, 백엔드/서버개발",회사내규에 따름
미스터블루(주),"프론트엔드 개발자 (TypeScript, React)",https://www.saramin.co.kr/zf_user/jobs/relay/view?view_type=search&rec_idx=49566924&location=ts&searchword=javascript&searchType=search&paid_fl=n&search_uuid=e4ed38c4-0c2a-45ee-8e91-2d5544970b38,서울  강서구,경력 2~6년,대졸↑,정규직,~ 01/09(목),"Javascript, 프론트엔드, 웹개발, React, 백엔드/서버개발",회사내규에 따름
(주)플래티어,이커머스 플랫폼 개발자 (경력직),https://www.saramin.co.kr/zf_user/jobs/relay/view?view_type=search&rec_idx=49571160&location=ts&searchword=javascript&searchType=search&paid_fl=n&search_uuid=e4ed38c4-0c2a-45ee-8e91-2d5544970b38,서울전체,경력 2~10년,초대졸↑,정규직,~ 01/11(토),"Javascript, 프론트엔드, Java, 웹개발, React",회사내규에 따름
(주)플래티어,[그루비 SaaS 솔루션] 프론트엔드 개발자,https://www.saramin.co.kr/zf_user/jobs/relay/view?view_type=search&rec_idx=49571156&location=ts&searchword=javascript&searchType=search&paid_fl=n&search_uuid=e4ed38c4-0c2a-45ee-8e91-2d5544970b38,서울전체,경력 1~3년,학력무관,정규직,~ 01/11(토),"Javascript, 프론트엔드, 웹개발, React, CSS",회사내규에 따름
이노뎁(주),React 프론트엔드 개발자,https://www.saramin.co.kr/zf_user/jobs/relay/view?view_type=search&rec_idx=49602505&location=ts&searchword=javascript&searchType=search&paid_fl=n&search_uuid=70491c26-ef9f-48bf-a637-d671e0320249,서울전체,경력 5~15년,대졸↑,정규직,~ 01/13(월),"Javascript, 프론트엔드, 웹개발, React, CSS",회사내규에 따름
(주)엘리스그룹,프론트엔드 엔지니어 채용,https://www.saramin.co.kr/zf_user/jobs/relay/view?view_type=search&rec_idx=49576855&location=ts&searchword=javascript&searchType=search&paid_fl=n&search_uuid=70491c26-ef9f-48bf-a637-d671e0320249,서울  강남구,경력,대졸↑,정규직,~ 01/11(토),"Javascript, 프론트엔드, React, CSS, HTML",회사내규에 따름
㈜이씨마이너,연구소 빅데이터분석/AI솔루션개발자/Java 개발자 모집,https://www.saramin.co.kr/zf_user/jobs/relay/view?view_type=search&rec_idx=49420870&location=ts&searchword=javascript&searchType=search&paid_fl=n&search_uuid=70491c26-ef9f-48bf-a637-d671e0320249,서울  강남구,경력무관,대졸↑,정규직,~ 01/17(금),"Javascript, Java, CSS, HTML, 네트워크",회사내규에 따름
이에스이(주),JAVA 개발자 신입 채용,https://www.saramin.co.kr/zf_user/jobs/relay/view?view_type=search&rec_idx=49446587&location=ts&searchword=javascript&searchType=search&paid_fl=n&search_uuid=70491c26-ef9f-48bf-a637-d671e0320249,경기  성남시 분당구,신입,초대졸↑,정규직,~ 01/20(월),"Javascript, Java, 웹개발, React, CSS",회사내규에 따름
(주)씨엠월드,"[사업PM, 웹개발] 미래 가치를 함께 할 경력자 모집",https://www.saramin.co.kr/zf_user/jobs/relay/view?view_type=search&rec_idx=49527970&location=ts&searchword=javascript&searchType=search&paid_fl=n&search_uuid=70491c26-ef9f-48bf-a637-d671e0320249,서울  금천구,경력6년↑,초대졸↑,정규직,채용시,"Javascript, 프론트엔드, Java, 웹개발, HTML",회사내규에 따름
(주)스카이웨어,UIUX 퍼블리셔 프론트엔드 개발자 채용 (경력),https://www.saramin.co.kr/zf_user/jobs/relay/view?view_type=search&rec_idx=49551748&location=ts&searchword=javascript&searchType=search&paid_fl=n&search_uuid=70491c26-ef9f-48bf-a637-d671e0320249,서울  마포구,경력 3~7년,학력무관,정규직,~ 01/07(화),"Javascript, 프론트엔드, 웹개발, React, HTML",회사내규에 따름
(주)아이페이지온,[아이페이지온] 웹 어플리케이션 프론트엔드 개발자 경력 채용,https://www.saramin.co.kr/zf_user/jobs/relay/view?view_type=search&rec_idx=49606223&location=ts&searchword=javascript&searchType=search&paid_fl=n&search_uuid=70491c26-ef9f-48bf-a637-d671e0320249,서울  강남구,경력 3~7년,초대졸↑,정규직,~ 01/16(목),"Javascript, 프론트엔드, 웹개발, React, CSS",회사내규에 따름
이데아텍(주),[신입] 플랫폼 운영/개발 담당자 채용 (기술 영어 가능자 우대),https://www.saramin.co.kr/zf_user/jobs/relay/view?view_type=search&rec_idx=49473388&location=ts&searchword=javascript&searchType=search&paid_fl=n&search_uuid=70491c26-ef9f-48bf-a637-d671e0320249,서울  강남구,신입,학력무관,정규직,~ 01/25(토),"Javascript, Java, 웹개발, TypeScript, Spring",회사내규에 따름
(주)유지에스,"개발자  모집 -  시스템 개발, 구축 및 DB분석 각 모집",https://www.saramin.co.kr/zf_user/jobs/relay/view?view_type=search&rec_idx=49513896&location=ts&searchword=javascript&searchType=search&paid_fl=n&search_uuid=70491c26-ef9f-48bf-a637-d671e0320249,부산  강서구,경력,학력무관,정규직,~ 12/22(일),"Javascript, 프론트엔드, Java, 웹개발, React",회사내규에 따름
(주)팬코,"(주)팬코 디지털혁신실(전산,IT) 경력사원 채용",https://www.saramin.co.kr/zf_user/jobs/relay/view?view_type=search&rec_idx=49550916&location=ts&searchword=javascript&searchType=search&paid_fl=n&search_uuid=70491c26-ef9f-48bf-a637-d671e0320249,서울  성동구,경력 2~12년,학력무관,정규직,~ 01/08(수),"Javascript, Java, 웹개발, React, CSS",회사내규에 따름
(주)누리콘,연구소 영상 솔루션 FullStack 개발자 모집,https://www.saramin.co.kr/zf_user/jobs/relay/view?view_type=search&rec_idx=49589151&location=ts&searchword=javascript&searchType=search&paid_fl=n&search_uuid=70491c26-ef9f-48bf-a637-d671e0320249,경기  성남시 분당구,경력무관,고졸↑,정규직,~ 02/12(수),"Javascript, 백엔드/서버개발, 영상처리, DBMS, S/W",회사내규에 따름
(주)포스텍,[퍼블리셔] 디자이너/퍼블리싱 팀원 모집,https://www.saramin.co.kr/zf_user/jobs/relay/view?view_type=search&rec_idx=49608022&location=ts&searchword=javascript&searchType=search&paid_fl=n&search_uuid=70491c26-ef9f-48bf-a637-d671e0320249,부산  해운대구,경력3년↑,대졸↑,계약직,~ 01/16(목),"Javascript, 프론트엔드, React, CSS, HTML",회사내규에 따름
(주)아이투맥스,[업계 1위 아이투맥스] 마케팅 클라우드 컨설턴트 (신입/경력),https://www.saramin.co.kr/zf_user/jobs/relay/view?view_type=search&rec_idx=49281352&location=ts&searchword=javascript&searchType=search&paid_fl=n&search_uuid=70491c26-ef9f-48bf-a637-d671e0320249,서울  마포구,경력무관,대졸↑,정규직,~ 12/27(금),"Javascript, 프론트엔드, Java, 웹개발, 백엔드/서버개발",회사내규에 따름
(주)베스티안소프트,[Java] JAVA & JSP 웹프로그램 개발자 모집,https://www.saramin.co.kr/zf_user/jobs/relay/view?view_type=search&rec_idx=49479698&location=ts&searchword=javascript&searchType=search&paid_fl=n&search_uuid=70491c26-ef9f-48bf-a637-d671e0320249,서울  용산구,경력1년↑,초대졸↑,정규직·프리랜서,~ 12/27(금),"Javascript, 프론트엔드, Java, React, CSS",회사내규에 따름
(주)한국교육평가원,웹퍼블리싱 담당자 정규채용,https://www.saramin.co.kr/zf_user/jobs/relay/view?view_type=search&rec_idx=49485195&location=ts&searchword=javascript&searchType=search&paid_fl=n&search_uuid=70491c26-ef9f-48bf-a637-d671e0320249,서울  금천구,경력무관,학력무관,정규직,~ 12/28(토),"Javascript, 프론트엔드, 웹개발, CSS, HTML",회사내규에 따름
주식회사 에즈웰,에즈웰 신입/경력 웹 개발자 모집,https://www.saramin.co.kr/zf_user/jobs/relay/view?view_type=search&rec_idx=49568966&location=ts&searchword=javascript&searchType=search&paid_fl=n&search_uuid=70491c26-ef9f-48bf-a637-d671e0320249,대전  유성구,신입·경력,초대졸↑,정규직,~ 01/10(금),"Javascript, 웹개발, Spring, 모델링, 솔루션",회사내규에 따름
(주)아이에스티엔,(주)ISTN [웹 어플리케이션 개발자(.Net)] 채용,https://www.saramin.co.kr/zf_user/jobs/relay/view?view_type=search&rec_idx=49597057&location=ts&searchword=javascript&searchType=search&paid_fl=n&search_uuid=70491c26-ef9f-48bf-a637-d671e0320249,경기  수원시 영통구,경력무관,초대졸↑,정규직,~ 02/14(금),"Javascript, Java, 웹개발, API, .NET",회사내규에 따름
(주)아이에스티엔,(주)ISTN [UX/UI 디자인 및 퍼블리셔]채용,https://www.saramin.co.kr/zf_user/jobs/relay/view?view_type=search&rec_idx=49596217&location=ts&searchword=javascript&searchType=search&paid_fl=n&search_uuid=70491c26-ef9f-48bf-a637-d671e0320249,서울  송파구,경력5년↑,초대졸↑,정규직,~ 02/14(금),"Javascript, CSS, HTML, UI/UX디자인, Figma",회사내규에 따름
글로벌엠아이지,[경력/정규직] 웹디자이너/퍼블리셔 채용 - 주 5일,https://www.saramin.co.kr/zf_user/jobs/relay/view?view_type=search&rec_idx=49249212&location=ts&searchword=javascript&searchType=search&paid_fl=n&search_uuid=70491c26-ef9f-48bf-a637-d671e0320249,서울  성동구,경력1년↑,초대졸↑,정규직,~ 12/21(토),"Javascript, 프론트엔드, React, CSS, HTML",회사내규에 따름
(주)소울웨어,"개발자(웹/앱 애플리케이션), 연구개발(IoT, 머신러닝)",https://www.saramin.co.kr/zf_user/jobs/relay/view?view_type=search&rec_idx=49415385&location=ts&searchword=javascript&searchType=search&paid_fl=n&search_uuid=70491c26-ef9f-48bf-a637-d671e0320249,경기  부천시 소사구,신입·경력,초대졸↑,정규직·계약직,18시마감,"Javascript, 프론트엔드, Java, 웹개발, React",회사내규에 따름
행복쇼핑(주),[재택근무] REACT · PHP · PYTHON 개발자 모집,https://www.saramin.co.kr/zf_user/jobs/relay/view?view_type=search&rec_idx=49476675&location=ts&searchword=javascript&searchType=search&paid_fl=n&search_uuid=70491c26-ef9f-48bf-a637-d671e0320249,서울  양천구,경력3년↑,초대졸↑,정규직,~ 01/25(토),"Javascript, 프론트엔드, 웹개발, React, 백엔드/서버개발",회사내규에 따름
아자스쿨(주),풀스택 개발자 모집,https://www.saramin.co.kr/zf_user/jobs/relay/view?view_type=search&rec_idx=49499450&location=ts&searchword=javascript&searchType=search&paid_fl=n&search_uuid=70491c26-ef9f-48bf-a637-d671e0320249,서울  마포구,경력무관,대졸↑,정규직·계약직,~ 12/29(일),"Javascript, 웹개발, React, CSS, HTML",회사내규에 따름
(주)레디엔터테인먼트,"전사 프로그램 개발자(프론트엔드,내근,Vue3,마크업)",https://www.saramin.co.kr/zf_user/jobs/relay/view?view_type=search&rec_idx=49529685&location=ts&searchword=javascript&searchType=search&paid_fl=n&search_uuid=70491c26-ef9f-48bf-a637-d671e0320249,서울  강남구,경력무관,학력무관,정규직,~ 12/31(화),"Javascript, 프론트엔드, 웹개발, TypeScript, Vue.js",회사내규에 따름
(주)아이오티플렉스,(기업부설연구소)웹&모바일 솔루션 개발자 모집,https://www.saramin.co.kr/zf_user/jobs/relay/view?view_type=search&rec_idx=49548561&location=ts&searchword=javascript&searchType=search&paid_fl=n&search_uuid=70491c26-ef9f-48bf-a637-d671e0320249,부산  해운대구,경력1년↑,대졸↑,정규직,~ 01/08(수),"Javascript, 프론트엔드, Java, 웹개발, React",회사내규에 따름
(주)이원정보기술,이원정보기술 신입/경력 IT인재채용,https://www.saramin.co.kr/zf_user/jobs/relay/view?view_type=search&rec_idx=49584645&location=ts&searchword=javascript&searchType=search&paid_fl=n&search_uuid=70491c26-ef9f-48bf-a637-d671e0320249,서울  마포구,신입·경력,대졸↑,정규직,~ 01/10(금),"Javascript, Java, API, 인터페이스, AWS",회사내규에 따름
(주)리딩플러스,(리딩플러스) IT팀 전산개발 및 운영직원 채용,https://www.saramin.co.kr/zf_user/jobs/relay/view?view_type=search&rec_idx=49566638&location=ts&searchword=javascript&searchType=search&paid_fl=n&search_uuid=70491c26-ef9f-48bf-a637-d671e0320249,서울  영등포구,경력 3~5년,초대졸↑,정규직,~ 01/10(금),"Javascript, 프론트엔드, Java, 웹개발, HTML",회사내규에 따름
주식회사 셀로닉스,주식회사 셀로닉스 기술지원부 SI팀 IT개발 채용,https://www.saramin.co.kr/zf_user/jobs/relay/view?view_type=search&rec_idx=49284869&location=ts&searchword=javascript&searchType=search&paid_fl=n&search_uuid=70491c26-ef9f-48bf-a637-d671e0320249,전북  익산시,경력무관,학력무관,정규직,~ 12/27(금),"Javascript, Java, 웹개발, CSS, HTML",회사내규에 따름
스타법무법인,[서울] 전략기획본부 SW개발파트 웹퍼블리셔 부문 경력 채용,https://www.saramin.co.kr/zf_user/jobs/relay/view?view_type=search&rec_idx=49534085&location=ts&searchword=javascript&searchType=search&paid_fl=n&search_uuid=70491c26-ef9f-48bf-a637-d671e0320249,서울  강남구,경력4년↑,학력무관,정규직,~ 12/31(화),"Javascript, 프론트엔드, 웹개발, React, CSS",회사내규에 따름
(주)중독컴퍼니,[카페인중독]본사 앱 풀스택 개발자 모집(무료구내식당),https://www.saramin.co.kr/zf_user/jobs/relay/view?view_type=search&rec_idx=49535063&location=ts&searchword=javascript&searchType=search&paid_fl=n&search_uuid=70491c26-ef9f-48bf-a637-d671e0320249,서울  강남구,경력2년↑,학력무관,정규직,~ 02/03(월),"Javascript, 웹개발, React, HTML, 백엔드/서버개발",회사내규에 따름
동성인재개발교육원,[국비무료]무역/물류 실무자 취업률100%(고용24)훈련생 모집,https://www.saramin.co.kr/zf_user/jobs/relay/view?view_type=search&rec_idx=49516374&location=ts&searchword=javascript&searchType=search&paid_fl=n&search_uuid=70491c26-ef9f-48bf-a637-d671e0320249,부산전체,경력무관,학력무관,교육생,~ 12/26(목),"Javascript, 프론트엔드, Java, 웹개발, React",회사내규에 따름
(주)네오랩컨버전스,[NeoLAB] 해외사업/상품기획/프론트엔드/생산기술 경력직 채용,https://www.saramin.co.kr/zf_user/jobs/relay/view?view_type=search&rec_idx=49518636&location=ts&searchword=javascript&searchType=search&paid_fl=n&search_uuid=70491c26-ef9f-48bf-a637-d671e0320249,서울  구로구,신입·경력,대졸↑,정규직,~ 01/15(수),"Javascript, 프론트엔드, Java, React, CSS",회사내규에 따름
(주)엔디소프트,[NDSOFT] 글로벌소셜앱 개발자 부문 채용,https://www.saramin.co.kr/zf_user/jobs/relay/view?view_type=search&rec_idx=49238207&location=ts&searchword=javascript&searchType=search&paid_fl=n&search_uuid=70491c26-ef9f-48bf-a637-d671e0320249,부산  해운대구,경력무관,학력무관,정규직,~ 12/20(금),"Javascript, 프론트엔드, Java, 웹개발, 백엔드/서버개발",회사내규에 따름
지앤아이소프트(주),서비스 웹 프론트엔드 개발자 모집,https://www.saramin.co.kr/zf_user/jobs/relay/view?view_type=search&rec_idx=49534416&location=ts&searchword=javascript&searchType=search&paid_fl=n&search_uuid=70491c26-ef9f-48bf-a637-d671e0320249,서울  구로구,경력무관,학력무관,정규직·계약직,채용시,"Javascript, 프론트엔드, CSS, HTML, CSS3",회사내규에 따름
비코어(주),"프론트엔드(React, NextJS) 개발자를 모십니다.",https://www.saramin.co.kr/zf_user/jobs/relay/view?view_type=search&rec_idx=49499782&location=ts&searchword=javascript&searchType=search&paid_fl=n&search_uuid=70491c26-ef9f-48bf-a637-d671e0320249,서울  성동구,신입·경력,대졸↑,정규직,~ 12/26(목),"Javascript, 프론트엔드, Java, React, CSS",회사내규에 따름
(주)더매트릭스,WEB Full stack 개발자,https://www.saramin.co.kr/zf_user/jobs/relay/view?view_type=search&rec_idx=49592099&location=ts&searchword=javascript&searchType=search&paid_fl=n&search_uuid=70491c26-ef9f-48bf-a637-d671e0320249,서울전체,경력 2~7년,초대졸↑,정규직,~ 12/29(일),"Javascript, 프론트엔드, 웹개발, CSS, HTML",회사내규에 따름
(주)나누고,프론트엔드 개발자(경력) 모집,https://www.saramin.co.kr/zf_user/jobs/relay/view?view_type=search&rec_idx=49462105&location=ts&searchword=javascript&searchType=search&paid_fl=n&search_uuid=70491c26-ef9f-48bf-a637-d671e0320249,서울  영등포구,경력2년↑,학력무관,정규직,~ 12/25(수),"Javascript, 프론트엔드, Java, 웹개발, React",회사내규에 따름
(주)소프트넷,JAVA 개발자 채용,https://www.saramin.co.kr/zf_user/jobs/relay/view?view_type=search&rec_idx=49554172&location=ts&searchword=javascript&searchType=search&paid_fl=n&search_uuid=70491c26-ef9f-48bf-a637-d671e0320249,서울  강남구,경력 3~10년,초대졸↑,정규직,~ 01/11(토),"Javascript, 프론트엔드, Java, 웹개발, React",회사내규에 따름
(주)앤드와이즈,웹 개발자/JAVA/JSP/Spring - 경력(PL 급) 모집,https://www.saramin.co.kr/zf_user/jobs/relay/view?view_type=search&rec_idx=49609955&location=ts&searchword=javascript&searchType=search&paid_fl=n&search_uuid=70491c26-ef9f-48bf-a637-d671e0320249,서울  강남구,경력무관,초대졸↑,정규직,~ 01/17(금),"Javascript, Java, Spring, jQuery, JSP",회사내규에 따름
브이플러스랩(주),[판교] 웹 UI 프론트/백엔드 개발자 모집,https://www.saramin.co.kr/zf_user/jobs/relay/view?view_type=search&rec_idx=49334216&location=ts&searchword=javascript&searchType=search&paid_fl=n&search_uuid=70491c26-ef9f-48bf-a637-d671e0320249,경기  성남시 분당구,경력무관,대졸↑,정규직,상시채용,"Javascript, 프론트엔드, 웹개발, React, 백엔드/서버개발",회사내규에 따름
(주)플럭시티,"서버/백엔드 개발자,프론트엔드 개발자 (팀원)",https://www.saramin.co.kr/zf_user/jobs/relay/view?view_type=search&rec_idx=49535744&location=ts&searchword=javascript&searchType=search&paid_fl=n&search_uuid=70491c26-ef9f-48bf-a637-d671e0320249,서울  서초구,경력 3~7년,학력무관,정규직,~ 01/03(금),"Javascript, 프론트엔드, Java, 웹개발, CSS",회사내규에 따름
